id,P80,fines_frac,oversize_frac,R95,R50_fines,R50_oversize
1,130.00002852824386,0.17652248202290377,0.31637269709952337,858.5338730331761,781.161127935937,386.83282466581863
2,115.3844546478695,0.04991696999812679,0.1606209563228609,234.34856711725058,250.05226541798126,119.89577461572638
3,150.87168014348015,0.21535675559392323,0.39287785419887256,1035.6976062963172,916.0066302377714,446.1341063306032
4,164.7544012098249,0.013252891384354322,0.5496408497138477,402.8761560197921,553.6996798194523,231.08581122856162
5,138.0719720443634,0.0636065629422569,0.27247692795396644,182.92267442352167,273.619884727113,100.17739186579692
6,141.44126094463067,0.016848946036733172,0.36224553171283447,403.1286257206099,497.8589601410225,211.79107983365802
7,154.24412860295106,0.009169642416278129,0.5129573376205798,410.42868493059274,482.97955323906564,227.00584191595553
8,180.88510872794907,0.006926739441695727,0.6691440009522835,160.33425940398266,211.6244127065646,90.01674869672298
9,171.913950921576,0.011444929859878255,0.5974060071254118,402.80958300986373,487.16020296784006,226.93471339066684
10,166.25953690821595,0.013795066537726924,0.5124591084696115,483.60054443948894,548.5791891052721,274.48347128084396
11,114.54445235222902,0.11757866917369107,0.14345294239232595,843.9414747244145,752.9002035084836,404.6978668629106
12,169.12481976888094,0.009950494932231208,0.6008720239864457,165.73580821127584,217.8510116587305,94.49285140865486
13,130.9670865023077,0.08119863078312378,0.29144431231121304,791.3949873148516,729.142569807053,353.6954332242712
14,184.43759466492907,0.009347065788859809,0.639200261236915,352.7126587287201,599.4750741850227,212.0561098045209
15,150.4108378854961,0.17337772797785644,0.3810621218814956,101.8436237646807,116.19935156937674,39.92913979836407
16,137.58457631689143,0.02270466307690555,0.33452827371945487,425.05388723339667,506.1387086528975,232.06106458215555
17,162.87426863672962,0.007573093360637139,0.5499025705745223,48.136381601706546,59.95051320911483,27.579989335702564
18,147.65214476470737,0.24283105901554475,0.3784154195749355,101.0213514641984,120.98588883481074,40.99281509955893
19,170.79372331711787,0.010654055369573591,0.5896030231742636,48.09367275352897,64.98424355061046,25.82815065428913
20,171.56673186763706,0.011546312185295433,0.59484773996294,50.463547681275884,65.31711072286247,27.0090172880184
21,121.00689412940459,0.2042960806609563,0.19905646734513358,99.0083522155633,106.46250286804624,35.580575844987145
22,171.83658533918995,0.011583381964131789,0.5933587286250804,377.0964407100623,467.2465513133559,218.2441387056992
23,172.09466572140423,0.010616766869632565,0.6032806091269485,44.1906293948332,68.0115927798839,24.128037529014218
24,220.37970283880284,0.0075793444810272545,0.8021768030860834,147.0924573277117,222.28833738931752,86.61796789406684
25,125.41691398708694,0.03468254435710158,0.23482005292724467,61.93723195545535,71.90027583264802,31.00168795133579
26,154.97711971437593,0.017612439144764278,0.49959882463631333,55.13663328797988,69.82476013175145,30.39826045797097
27,113.49479835291947,0.13894000442588073,0.22974648605654668,188.42383807307087,261.1930819903591,99.2080609193659
28,164.60757477825882,0.01636826956949391,0.5255897713195263,49.54257064009247,70.38786189721264,26.426458256289624
29,151.42399665973278,0.18695082406120814,0.39749080208729487,200.7826180542761,309.17873819694717,102.18690054320267
30,161.74722362075298,0.0584002404369006,0.45463862688549644,75.0678986087647,99.3681042815262,34.02436528602082
31,135.0190782808326,0.018996842054568558,0.3284751035994082,60.55377341591342,75.30886228188542,29.87320442391561
32,116.44488782076037,0.04113522649633925,0.16611700221636727,68.28936208621542,72.19103467991394,33.355276969747734
33,172.75805435149286,0.05774846062638722,0.4881680652576369,165.66642854687146,245.87381187887433,87.63327540578979
34,126.42419570432406,0.29935036345844707,0.30787598980620556,117.0180175323746,117.96721357440796,44.21071081719896
35,189.98234437266862,0.0062751723381426995,0.6918378636596306,40.31173530547595,61.453096060047116,21.920198271403706
36,183.92662927998165,0.00993842509063935,0.6349483365597252,353.86908717923274,572.2538422292648,206.43289453095832
37,123.51088091700791,0.17439675418524264,0.19130731509355814,913.0047526686602,808.5120918175127,396.51699800322467
38,195.32281833261007,0.0053283873627378185,0.7072381058712698,39.688030359281,61.19535186223184,23.301624940750443
39,189.14397929807419,0.008034048027616824,0.6505172048774823,359.26659108014877,619.2892376339009,215.01371671692416
40,148.5885657721549,0.3052930783901086,0.3899429787918875,203.24511924042002,307.1170858467963,111.08210013659827
41,145.5140614867892,0.020768767567389358,0.41095264928230735,416.78270050764047,490.0858144517774,233.3240147152601
42,134.72376660333435,0.1356560587779503,0.3298933820735048,854.2799431695861,788.2268177713576,413.1284319193753
43,140.52472054436544,0.014598495398243904,0.38306345937538117,54.89820665353067,64.19041760407292,30.452085517938954
44,111.66665265628602,0.05839520845418934,0.14864070420662231,646.3003329225409,582.2843060568403,298.0800304659205
45,141.53231537012317,0.031116164675264145,0.3849625710488804,497.12838869627086,659.0292718651988,254.99382259172737
46,131.97818550078466,0.15810028431022524,0.32063342553232366,821.2830154953668,760.3909541415135,374.7927473213989
47,161.60421019119218,0.020078215142107073,0.48548273605972087,400.5610809691024,483.4492562412832,216.71225933219367
48,215.998677857971,0.008887820158690447,0.7756652821607422,147.598773362562,221.1303989539015,87.23322722209758
49,220.5689358176271,0.008615079660306633,0.7709960373648538,42.48888374339956,64.00233486292014,24.309957981981793
50,152.91921593031805,0.012098281297346842,0.48040794549237914,47.579815684897255,61.56441782410545,26.310972538031297
51,151.0434624563557,0.027649079548899357,0.45759847694895095,461.90256871965903,666.7485570263557,252.65102847412956
52,152.63066878467023,0.15140293003847438,0.4039206559463409,791.8656235627078,731.2410463585302,348.5047476496899
53,135.37926574992113,0.023453859514932972,0.3112669030235965,60.781910228974546,71.1012716896921,31.183833643407286
54,121.67125686666176,0.033682412273497137,0.2200817937014703,180.7518197026789,238.7046244959237,99.53613932141396
55,174.889145992617,0.008048803885655315,0.6183621256179149,47.94311149522705,63.03406851662101,25.981031485552172
56,167.70189079479076,0.012959883101554454,0.5653951119664756,172.7084687527887,227.25604238107792,96.95417363107285
57,170.41193208815858,0.012906338674861127,0.5667603156829002,385.86034196538617,618.6743307817159,231.06736365098575
58,127.13915805175355,0.2898308165898832,0.3060481910387632,963.7824101697961,834.6660740645531,424.6821492130442
59,150.7487950526875,0.020224768521970818,0.4205840410226467,484.74526643630014,609.7316560514282,250.04863673729062
60,155.46966716266397,0.10409134710540098,0.4071298053366704,83.99672865995448,90.6660100382048,34.01557060730323
61,174.66809213001451,0.008768715478786313,0.6069720006787166,160.32215205143189,210.47411568342807,90.97579314366732
62,136.29821964505066,0.12684810710374608,0.33318272530724274,94.35123286001061,107.67392656397514,35.35590914699558
63,174.42550289611793,0.012050999528523072,0.6076821088091452,39.95969514197733,63.15781591246667,21.661172945988447
64,126.94360856662958,0.024780684009126367,0.2518749569913929,59.71230790103928,67.6441183178972,30.568932019242176
65,104.54307928170279,0.2702630053776723,0.2152624438705866,1001.4485713755607,853.8604826771455,427.9750766446458
66,142.63132208939766,0.013478051480355191,0.4228064374301278,404.9649533622622,540.1645060860706,231.80145464128756
67,152.1745009583003,0.17895817529661426,0.3907189072298478,885.7074235904273,785.2371185060465,368.0423416622541
68,190.62329218387012,0.006046082334140631,0.6941319033948488,39.89854254309801,60.59770956932806,24.075048411548984
69,167.34815150659023,0.012215345263462248,0.5867671473424294,410.2894611546895,567.3646986329754,235.53166649469668
70,186.59429519129884,0.004414370785520561,0.6991503163657624,157.72883692847708,211.124084795095,88.66437927115459
71,130.69546332853272,0.02335531414791411,0.28952856737236277,528.9861252437298,564.2993383123136,290.67991409090956
72,109.02371517088991,0.21074984534797733,0.2174237825119495,925.1568372083489,800.9680939630884,429.2400608380507
73,149.63232509344442,0.2205558000573903,0.3899071514224499,104.36658417452306,106.498590653686,36.94456116755288
74,125.34246600934966,0.02356297548521245,0.2627207882965896,461.40776018146755,543.3006714029293,254.9478828220238
75,187.14880254285842,0.018498703066840653,0.67914150829844,50.78175629687061,73.31922132019993,28.378111926079495
76,165.62869526760306,0.014084430343356536,0.555070242158599,157.63014652801456,221.64499716333958,91.39201235844766
77,155.50704510199347,0.12223423187764039,0.4148839207127441,181.12992872029062,264.65637536477806,98.46130193058625
78,152.49306194734268,0.01768952749450215,0.4804389221487938,467.66741875789273,608.0221308049714,245.70127649674268
79,169.36297370747982,0.010974547188862345,0.5686864825015847,46.90507338713438,66.28392108642248,25.17021721943428
80,124.8044784582391,0.027030514471733845,0.2573269660947536,512.1273146290091,582.476772852637,288.1825573852364
81,219.70486211692796,0.0055140999055004365,0.7951411592924156,37.15907737356351,60.663944975939145,20.713555555117356
82,118.57013252574394,0.043914582371999765,0.20053321461469484,221.4747522818608,237.33240287816076,108.91154449082029
83,172.66541179131607,0.012271743088774519,0.6013199280551256,371.75643201849425,509.2133496041858,218.2546041048524
84,167.62373847945665,0.012024162735314805,0.586662509236848,164.27747566462895,203.93689070836666,92.23332223799837
85,132.25901760890014,0.17075328089721695,0.3095152965266292,916.4977283133313,807.1296164482717,433.38264432732956
86,162.65551345393928,0.12094619118141198,0.4288893356943712,89.08388454776622,104.03976069929492,37.30534012491021
87,150.17422830727307,0.2007050913088924,0.3807518462981584,92.60820954737963,104.08788772211474,35.553527662260954
88,148.49521868034606,0.26091231947838267,0.38746619484795203,215.6764803047835,315.16178712582445,110.50719259964143
89,128.0250284011284,0.026849960932097672,0.27333408971222595,60.06917960520272,77.28542055952917,32.53699994820395
90,174.91942835073388,0.012456352876701507,0.6061102967734788,44.087123750140435,62.80251187098898,22.927978212594194
91,133.6273483392671,0.06044031702954194,0.3065477128053296,81.6940571358537,81.83551757587094,37.08547478101753
92,174.03323230653876,0.012346451305037382,0.6076570924222826,165.20052401385598,198.7699144625032,89.85650550771203
93,151.67772779589146,0.030543987141937144,0.4585536013875553,59.21442654947584,80.49884716495531,30.014266853408675
94,112.97482207119465,0.10324626811979776,0.15222333600660398,188.20856590716187,270.0713307070458,101.92713304224453
95,170.45263542265147,0.013299328104298512,0.564815655864288,145.32076893612987,223.26379916800266,90.56958938382162
96,199.13799974972687,0.012526954864168034,0.7197139034860802,159.1209064925683,214.67967745307564,91.10050177906771
97,133.84615051944854,0.07953861167161447,0.24673399546083308,89.64131661203832,102.85048666538067,35.358767841347486
98,101.64409541090883,0.19499695500190492,0.11217022065637364,1021.267464451894,919.7537652565738,441.27761067939736
99,143.77724786202026,0.015188757595538655,0.40548883576481876,394.8264858274395,478.2366367687814,222.28182153536966
100,175.50232049027133,0.010915125167255887,0.6106783303514386,39.583821002111605,63.8497277228251,21.66945482649279
101,123.85546768359445,0.03306042386093734,0.21861179324625846,616.7919781694819,590.8314011816424,300.87731879738556
102,120.02879117471994,0.040436982783789654,0.21397407036866206,81.0523936474666,83.68798941109264,36.88998423684217
103,124.43098092849932,0.034361296435736426,0.24767974791077937,509.8662157486757,539.1319677182738,277.1385192148324
104,127.2580578972778,0.160958096754803,0.21530402064576978,792.8963211223719,729.2130255391916,348.7568848185438
105,135.67603895661753,0.12896081372336904,0.3245851210660392,776.1057712116292,729.7752996318311,385.0630969236684
106,143.2099888697718,0.014348258758911374,0.43857415332826827,52.505649394936405,65.4726465323568,28.5765905615793
107,161.24173544811495,0.018063144472918968,0.5242639658042639,188.21702676177557,232.27193981450728,99.44798970880458
108,158.14766154826216,0.1698113599404412,0.4124060804173216,103.01954688319569,115.09157468377866,39.46876523055537
109,212.1217925246991,0.013880431976435069,0.7464064156642297,354.74246804217995,605.8950412926591,216.62144228592945
110,140.83319933040968,0.01708937275389726,0.3534534124741597,50.4076816350044,62.52003523624058,27.48113721723113
111,176.17114134218463,0.012027849585151993,0.5799206762994175,45.11366561860357,68.55755676262257,25.05414265408134
112,176.3607862504041,0.00976189896514029,0.6176107340030633,40.03795634828502,62.12161256918209,24.693081977757824
113,137.22693532417364,0.11893954593855569,0.33130470909104004,188.94010505270217,275.2773653154765,100.01871734342926
114,127.00570131292281,0.26492925491282565,0.2978084579737919,203.54293821604372,305.7901063083357,108.60012617716043
115,181.09722185572133,0.012421535069494345,0.6268286109396604,43.950439714088105,62.58829849181842,23.703188973056648
116,159.17972395818668,0.012637880417306862,0.5085900976380261,459.70404417408133,531.7311852655257,246.0671970690589
117,134.61349788784293,0.16138694618744334,0.3165541425494868,202.87838643715568,314.2662900612017,110.11596694130353
118,132.2319595640352,0.16826574644059938,0.3081570950145285,104.66393612296828,107.065435215648,39.152153732105376
119,137.01983104906458,0.12507163984635378,0.32120045401274255,83.95034578002702,103.00359689492838,34.01204049174722
120,151.10488154205856,0.028076523657166733,0.4653487102277773,66.11955850547905,77.15450558846605,30.295172818821975
121,162.5436455598419,0.020010547529424164,0.4986745342247396,49.276015924791146,67.51184303207026,26.874524342295945
122,135.41658038482066,0.018074913742054652,0.3199302844655588,50.405467455234465,65.31440562821426,26.97864262869967
123,153.5995837479263,0.00901878805603316,0.48261903480744633,50.31039101721214,62.10788422851539,27.704284676624248
124,128.023393714104,0.2137962188542219,0.2930554753981675,204.47855850436358,307.55208111327426,110.18234893190547
125,186.05595311122724,0.007429312532386621,0.645798286190019,164.5150083151257,223.020379889947,90.43902924861432
126,191.88216167360537,0.006382677382468624,0.7031809129229462,42.23114339460806,62.45889300361416,24.9623871438967
127,115.19371101114062,0.05383228614873358,0.15414430468530355,639.3418585339747,586.6829004173676,296.16049636359935
128,112.85418607411876,0.1120214758476801,0.15248044895168136,187.2069850077315,272.7022065548508,96.79179085700127
129,165.5886575338953,0.006625975087441419,0.5868075015510036,159.8098247528641,210.3714471973787,90.9614842300999
130,141.64484804557722,0.012529262643920971,0.3786797195270677,485.12788122150164,581.5093370433183,266.7796803781786
131,216.46092481085503,0.008007905252505781,0.767749414924259,38.87154744575227,64.47178699873174,21.428333720017804
132,186.61058963961295,0.011116585323961726,0.7062761941133532,47.345032538353706,67.45623281243822,26.29906204713395
133,122.98159262438128,0.03167450549716264,0.220505367747927,74.1398374786881,79.43627513937118,38.627271114369385
134,164.19190660069188,0.05017496328242615,0.4717242630401715,74.46665940618873,101.41719651670284,32.49654934304578
135,151.3330862841724,0.012306533003648026,0.47917155732746275,398.5418585786827,488.8979305077163,226.84071168132544
136,168.31131407589137,0.013278978438665302,0.5625363375529657,41.047818852258516,64.68219118562436,22.49424999158748
137,148.6399035279206,0.022704987237570237,0.45976008469852964,184.12160800478537,230.9945836610045,97.9905574972277
138,153.74435929866561,0.10335734752485269,0.40197101670715374,746.6769564927494,704.8033987046883,330.1455138757252
139,100.99660293040891,0.20952130227998417,0.1188377274260294,108.9388316786663,102.40018830563399,36.92048861768604
140,154.879131344083,0.009133536499260275,0.5027855635817393,397.26383352461255,539.084842944426,227.782164609764
141,153.31961309468923,0.009572182572164543,0.5016919360952268,48.68974143031977,65.14752295935534,28.318555112070943
142,115.1060827014904,0.05285734008945944,0.17793639505262018,77.38028026016146,85.33020550907159,35.86685682700936
143,164.5759737806537,0.018250612212971074,0.5141233135681835,168.8731031674578,228.80614355109844,99.53129712780228
144,149.1650902067391,0.10050052183107804,0.3696474252999147,801.0061533119754,736.544069729707,394.2764648303862
145,172.75810185736805,0.009677490018471834,0.6042748326783979,48.09293807323581,65.02848079814764,26.670894733638715
146,156.08181836108076,0.029632270721015194,0.4376868636412258,56.917290526837085,74.71564642821232,29.951109875870667
147,127.99171710007748,0.24863674511420925,0.30110875041632434,208.4394237596142,322.82688952456925,112.45671944384875
148,177.0576198299579,0.012742093867634174,0.5887295135930191,358.4526727116552,630.033397912544,213.51261331034445
149,136.7000619278842,0.1175644155251686,0.3358912479316607,769.2294042989855,715.6856465200418,348.65974951666465
150,152.27268018934438,0.023596098852992298,0.4621183611911257,55.822053634404554,76.1489469306428,29.170752597202554
151,127.4733728917974,0.13225078977054328,0.21590965084140643,88.45517818368208,88.65385452808451,34.72390857295169
152,173.43265200090994,0.012284123361839958,0.599127267235826,380.1637947167005,602.0402073637097,233.61357470147323
153,145.2344060374431,0.019282178202311255,0.4178635864715568,167.99496820560304,212.55578233544153,93.46640495768855
154,129.3913949797683,0.02360904249834674,0.2905732125031917,67.47633086132893,77.07326606735542,36.171857914268585
155,121.70068641996134,0.03266156856640523,0.20832356090991813,585.1541252432919,569.5268424722699,295.99057759270966
156,178.0534212329789,0.012691442561781747,0.613055493951467,360.8986324322126,591.4770515677934,215.6943359491977
157,110.97280489522865,0.16707265516326364,0.22136535906411667,100.25644455315827,97.40067833109117,38.646998441754796
158,149.86650516572885,0.010849791289124357,0.4581007064253664,52.65964518422125,63.068937861547546,28.20524005270477
159,135.32928427785833,0.18928871844997328,0.3215563158706554,200.80270410695783,293.51185363508375,98.75021843189128
160,178.8800139075105,0.010543224044605464,0.6242064675529662,157.99047743505068,221.61044656415504,89.38494618498062
161,128.27787802158122,0.023353667662548698,0.260204524706946,512.6939234655999,586.181632884247,256.9873750957511
162,151.59028759813478,0.19713510319288344,0.392124114083577,931.8859282078395,798.1326097379191,416.3530685715008
163,165.57374000282832,0.01478862359786242,0.542772727963974,390.8259664284704,603.2126923736303,232.8102653460644
164,99.39426435045716,0.22787195297814744,0.10972236333057805,886.9909989187188,813.2313039485433,413.314244709629
165,117.36915824674425,0.030974080101706606,0.18066847288171978,66.9922120812069,73.74239011154374,32.09714021705936
166,132.24637698711194,0.1778177387998509,0.3112514626892709,99.420064972313,95.45907553221674,37.812475012747555
167,143.05000263562098,0.013681209207577563,0.40633154452836523,51.70931788607887,63.800521964246244,27.703139189033017
168,99.28725944359802,0.23229038497145574,0.11430397042603352,962.0206035324002,860.1836905299722,426.58731629343754
169,179.08160964887966,0.024845903138917453,0.6392144242454969,54.797642929247644,75.81975005670003,29.147727580839096
170,154.65759716509035,0.018767257132624064,0.47193821610862946,52.23151027897109,75.18633959133977,27.918404611173173
171,181.6456144993369,0.006373212954586679,0.6803345017051545,365.2544927573747,537.0797806654555,214.99027754556647
172,151.7485612949914,0.019378811397228322,0.4268757241249602,167.87847666376265,222.3686889596038,91.65805471181578
173,111.38911898011968,0.04910825099686349,0.1429993010129596,588.1357375824925,578.3988656317847,284.37990668109524
174,174.1383967636431,0.011676420579235658,0.5978880562214679,162.81909165366054,206.9028430149497,91.86121739390154
175,170.8271670242921,0.007928311839158191,0.599447398358016,47.40012249938533,65.95335058699312,27.696663022081744
176,178.56498931609843,0.007205212238574552,0.6312716955584083,51.64385080730618,64.04327303388598,26.894453795121912
177,150.90473833757494,0.19885850345381673,0.3913418062471494,99.10439290004793,112.46244480554911,37.27143136760698
178,154.31679307696075,0.12220895771199064,0.40338920828195746,90.10620716492292,109.2298102258832,36.56405779592574
179,114.69434397726495,0.055226941258823894,0.19014599748684763,80.93303977029417,83.21821176008838,37.30744688051277
180,142.0656728239491,0.03033667382190827,0.3924752796072347,68.32992708986562,78.55417696262897,33.40287416311069
181,159.63745327855892,0.23828554890698012,0.4262672487510835,922.2462200433704,810.3833587489144,414.4521053662539
182,132.89459393787266,0.02218048622997741,0.31380478748025004,65.11174853999898,77.39761478136116,32.18453495033522
183,110.91609121204729,0.059339001251078036,0.12993909348699073,76.13267751756291,80.35546942904786,36.544011868750225
184,151.56538696622,0.19145727870335758,0.3946130029602056,107.24587585286046,122.35136238105133,40.249245453079396
185,149.29535804251023,0.28399495302297806,0.3910068580321005,211.21950469942811,304.54419795692155,105.36276326266848
186,147.65909110274532,0.2657474590136058,0.38562274639380556,1067.1657169542354,922.4193048176156,443.75129228020495
187,155.027848172682,0.020220247978517958,0.46285036812665914,169.59660683511854,233.35304267545328,95.56252452299488
188,173.88683655977223,0.011946725887715564,0.5905533437678099,50.98314124336493,68.98687271521123,28.086522753938468
189,169.42582186794175,0.009937457038257037,0.5866473297483266,383.9494755685261,578.4355705773181,227.99315008120354
190,177.22734292285347,0.007036002715358552,0.6568709893222494,162.44156572576753,210.15173954174864,91.9855151210772
191,162.9016103678309,0.007172926452856153,0.5384037682044888,162.08413842851746,206.3726646566078,91.5190763510132
192,192.64585992899734,0.008467792674973029,0.7262179572228914,413.0395555934733,524.4242196275857,238.26624311346507
193,142.94415612574647,0.030334420706348314,0.3964656987051104,516.4585632906685,673.9000915786349,265.8020613071381
194,183.80668022337377,0.00821426118893903,0.645150705104109,44.63423560095088,64.38184359196865,23.374044649834055
195,170.3867164631505,0.04599665993844178,0.49511098911331436,72.76303578477426,101.93913167047018,33.45097968211297
196,132.89900926197245,0.025113891747058234,0.2869634000751015,465.07369254068266,523.917073708115,255.5968407018857
197,180.95803214120363,0.0124860498841393,0.6229199551920597,170.3401964216259,217.9777131850626,92.45439809341453
198,163.44980609656787,0.015453209926528287,0.5302061114089096,147.63061898034047,234.02885164276375,92.00197870259437
199,175.9945948520015,0.010307847591463715,0.611603971797404,382.1506926231952,557.4743634714956,221.98269459287786
200,124.13797677604934,0.17403504419934732,0.20046545775952881,180.36650740725972,279.06972006565354,94.4672630464481
201,127.87620547146994,0.25079968231210886,0.3124196329515686,1035.626712212765,903.2992539753855,473.22801700012286
202,170.15461955313486,0.011145751522364697,0.5766098657689814,50.64806120449653,66.02020052029442,28.06050172274276
203,174.33681269436775,0.01043575368945969,0.6016938587444398,158.04591065896503,207.579313924382,89.4997771239678
204,103.20728748627542,0.06951181238289517,0.10711207065391047,639.6803805140032,583.0336239388497,295.0106128554122
205,188.50619580630737,0.004124983251653394,0.7063117431280067,49.24726502020853,60.26632873310582,26.475992526682212
206,81.057864699106,0.18731746312946537,0.018224337221799437,110.82570037728522,109.41623795111309,41.92493585620803
207,157.33865145107788,0.08369210702587106,0.42315691939464223,756.2927361309219,710.7882992392101,351.4527997360376
208,107.27744181928284,0.20626492620068224,0.21132878895606377,199.24417497468855,295.59497326263306,106.15204419164503
209,151.72428969135765,0.017735181383955766,0.46116246192544535,49.64731809287175,63.28459897408259,27.18651190732552
210,213.85609895030706,0.012305555142449734,0.7563652230114747,350.53357287748497,602.4692962770182,213.41374101510755
211,138.3418913851638,0.01958470053418157,0.3117331044437732,49.58520555304826,64.45020984872885,27.260193254733203
212,98.14560598157541,0.24249000612108929,0.10254640290006964,1126.3331506137683,969.8267132637047,487.490764362491
213,134.88974683479046,0.13930779221431833,0.3182347410428523,102.24495735358838,108.24020870045746,38.998709539489006
214,132.98153074438403,0.11820886583801232,0.23111268230206455,94.59691844277967,102.30712911393908,37.33718082522158
215,177.21915434925296,0.015337747616729893,0.6290291467214901,414.2374446514313,636.547438696767,236.61834781602528
216,126.53053870868143,0.19677854363500216,0.20150965974416868,210.76945705558472,313.24925892681614,105.19457085004875
217,162.36827886779514,0.24066508948966983,0.44050025845059615,903.0406817661744,812.8645658072628,420.27593868222493
218,176.3251052138854,0.008298814894997297,0.6127445647058125,39.87524005782181,63.29560556311506,21.53457957613617
219,143.70270876089063,0.030273829729402856,0.39502969930593596,508.7992949289338,646.2721211303905,259.9626248843256
220,172.55632351889628,0.010100676362577473,0.5982485798815452,162.70428429932588,208.02015122356352,88.35846631258454
221,181.7659447255138,0.012094879992685399,0.6222440788209042,44.78066410682467,64.92427379945312,23.65336322779194
222,171.254453172363,0.014058175517217606,0.5548405605722937,353.4188286116238,603.2310237997027,215.1225171346678
223,151.14432904384904,0.13781858464745425,0.3928658783513541,778.1041108675112,734.6585835346486,378.65078463338557
224,171.13968951434907,0.014092340044936084,0.5515703124902059,354.36622478093165,604.3562835877188,214.32503698230266
225,138.5019414471223,0.018179560224562966,0.3368479846814557,185.07794170006375,223.86905033708345,99.81801923532306
226,151.0505720017169,0.14192144518144384,0.3926421217274199,808.0796041001693,740.9510074008596,359.72330868234644
227,142.93150266414963,0.01891965290214259,0.3870070994346097,47.933467427367496,60.912569384444204,26.265920836966156
228,142.3561247481545,0.02611254278086125,0.39679092292769513,499.3046861747149,578.8796232807821,252.78267749751132
229,183.54479074976226,0.007335778344291348,0.6325875899420474,350.5919502015019,595.9060353712332,209.38631737885044
230,165.87784317499373,0.00665631916194202,0.5897322655301328,47.46923998940984,59.991191719576484,26.360229425334424
231,161.94402960228814,0.012982945050220955,0.5108006950273766,51.81782530106978,70.46577466763128,28.705625646414525
232,151.7838524800753,0.012405454869941714,0.5001227996564223,50.45045273166546,63.47308709253693,29.26912758204415
233,150.36928558142876,0.1983061626373396,0.38603476819925314,94.44777075316479,110.84565358240182,37.293151609678155
234,119.11647771474625,0.1914271562770281,0.1853963186069412,115.88322358050884,112.0787575240477,42.12948036925561
235,152.44836550267704,0.17826276800119342,0.3943843854129834,795.4255491253871,731.2612003797336,352.7637871100453
236,155.30058278941434,0.00916266982792469,0.47639096027484096,411.69636502706186,494.6556597536812,210.18451602685818
237,175.10778335658452,0.013820157228943341,0.5807525377988126,44.86032877756086,65.27140747717009,24.206435311916383
238,126.97221107580563,0.2833897336490557,0.30921892554958097,1008.4995495971997,898.0067356662469,434.5814560608802
239,159.41974238827552,0.020627037047659367,0.5093589605253142,177.32918294135897,229.59907250079956,94.99317394016981
240,119.35057953157319,0.042259784595765064,0.21375971210352104,76.14282696163183,79.3720683036349,36.84485406934068
241,133.35583144618047,0.022607716597051165,0.3017332897362075,508.13251208890347,617.2910348262769,280.13698920865784
242,163.6106017552288,0.11742381008813112,0.43997358333550196,203.20070199601426,323.56788236053114,101.9645604952618
243,106.74984025823113,0.2522685398129493,0.21635098623829735,118.35909076582973,118.00301515779134,44.15923535518209
244,123.90965987000172,0.14338470684172153,0.1977122457659173,185.6566540704533,269.28463962907904,95.4811956912934
245,141.45612574435327,0.01610629362194297,0.35362308371628126,55.050590739836345,62.260716813272474,28.124482781301744
246,197.28077418394057,0.006884191177410484,0.7517029162593154,391.73415178415075,471.35775366214847,223.9316297671161
247,134.67021918128313,0.022328627674172305,0.3018161291458922,212.86925341528024,226.48109150130816,103.70681557915404
248,99.94502298500906,0.20786277424679375,0.11503007866864323,932.6131101730691,846.4323114249798,397.02091350098783
249,118.72416693992598,0.03326088170752614,0.1844539833917719,527.2425796860889,548.4546474395156,273.086260367288
250,209.1430004534579,0.0075165104460433365,0.7536905161017181,368.94309822952084,552.9918653333975,223.23685032004286
251,127.55056054571789,0.26056889243187675,0.3072252093154523,1046.7751383069572,901.5043078982603,483.3816181676373
252,175.94593554249929,0.012985149518758838,0.5732301583330554,350.6457986006078,599.9472815799177,208.92918872399994
253,151.8568447571087,0.22658000426317387,0.3891685993917604,204.69646674541036,301.7043017304073,107.80544369439654
254,174.00573322783993,0.010659097250130582,0.6012927425237146,381.8380895288251,513.6451868532787,222.076278637237
255,145.48296860085995,0.08900262501462092,0.35232330402242323,695.5314956303413,719.4643699696442,346.5283883608728
256,131.08876241436434,0.16641600609191162,0.3072190789493475,105.34142084386356,106.6947744249182,39.30098133309782
257,181.2823702276655,0.0069207334425377695,0.6435830152166608,359.74007532295667,560.7201819105018,206.353468578475
258,174.67326144090046,0.01264085570894567,0.6085279857330772,44.010646848806175,62.40903812842007,23.048605837584216
259,108.93520408645719,0.12398643815908034,0.1315956969947313,869.9149896803365,815.2870392037695,383.2158977666818
260,155.08829356195704,0.18757597313475105,0.40704307451217514,107.00743618767288,121.74127813832503,39.474676257729314
261,152.82305530802387,0.04561663614897351,0.41525785596808645,595.2773446371389,619.9591358374057,305.5155545766495
262,166.51706552757773,0.016474260365944668,0.5252048684736766,460.6898092838739,503.3223184330984,245.44287323647467
263,174.2803594620526,0.012453604807456062,0.5992596591436459,188.7467941582466,233.3595640292529,98.04041901725746
264,178.40734232237241,0.010125544764976102,0.5838583783089389,352.0981031526605,617.0301376127234,206.3855432659899
265,176.23168697484817,0.012300316110383964,0.6105980210720591,168.97248815321566,223.07234083435299,90.6885541852026
266,139.9746518908504,0.022478352845967876,0.3623224038402888,166.90627729808367,228.93854112922742,99.77068128772288
267,122.15024042812782,0.20097150268567016,0.19947531472382224,188.39922740060317,273.14457348377897,98.75644157011988
268,137.4942072864046,0.01872004236629603,0.34436912138761394,48.90099999139105,64.17995438988414,28.654388593469303
269,144.65805201902526,0.025943062152750548,0.3951703589998039,493.0505922786868,573.771123739582,250.4334156032519
270,123.21044506792556,0.09527676504822352,0.198430198805606,191.00937233184982,282.9266651562987,101.35960841476613
271,149.1581486187289,0.02105630971755431,0.43584362170644314,483.1624108800791,612.3025849347216,246.75030349252532
272,181.52535141917932,0.012520741937957689,0.6163212727654581,350.34880739455025,548.1266007671338,208.9367560302144
273,153.73206685553282,0.010381797599401093,0.5031371264682452,51.04790582287115,65.67617848610129,29.04770045453768
274,152.75141560175996,0.12496816980962454,0.3935708659363934,91.37744727170144,100.40961211477153,35.138880604569096
275,156.8453338139274,0.1738703236768124,0.40382669886814876,851.429870372804,748.9761292788286,391.59727259545946
276,132.63315641704028,0.1466095161524698,0.3262159786825473,200.23679438532275,326.362549750797,103.10944374614381
277,98.01450588314115,0.2455714988975374,0.09848630385287414,119.4539479985829,125.29974350506185,44.504549065516784
278,173.40694227267574,0.012361480743938785,0.5981540768748149,380.5901076685813,495.3340626474017,221.40514036303549
279,148.39343399227994,0.2655821958093609,0.3853677175144442,111.88889533141526,120.90715248349062,41.79813168592475
280,155.4179416532393,0.10271690630192987,0.424160474936416,78.70837109058388,83.98911288565346,33.50174219044357
281,100.30235527576353,0.19138130034217163,0.11025547699163668,99.91159975801203,106.56698059443474,35.933502907582
282,145.37960923281926,0.015073335777300842,0.40334459754774427,52.943775407841734,66.1274191036004,28.041347924863175
283,165.8273630720163,0.01110012266994815,0.5616867434881763,176.0536144585994,228.68041324820405,99.31030463458808
284,130.43004422973598,0.027805752895365247,0.27604856063957967,174.13280962027966,231.8296053267495,97.71037607439233
285,124.17329274822305,0.30454856518177936,0.3065367718079452,208.26337115807118,310.5628060725128,108.48785979735854
286,133.2611119356815,0.14529941908254604,0.3061822343492275,90.88805627610992,108.98530989415951,36.98226487885098
287,133.14807446141856,0.06934662136678668,0.30757023894984165,754.1721963453622,705.597067213276,341.0924550678594
288,173.09438972458113,0.013749178904409787,0.5871419737733341,48.750135445996605,69.1288124535333,28.687809924972903
289,114.71733512111776,0.04594486669435534,0.1680936983643238,67.64521365804517,76.57560037014684,33.497572109543064
290,148.42546444590863,0.013314892356002155,0.4294051691074918,51.727979470681696,64.70182592293916,28.104019103412647
291,150.99231609327364,0.010604477803589476,0.44844313406312236,161.78051967265515,206.45191135838922,92.79443561092806
292,159.4727443101545,0.018259546961339378,0.5171474892874348,395.85138637510755,637.45774769619,232.35872947540759
293,160.69848448228458,0.006936853816653679,0.5740659251447265,159.32917277832638,211.72637629389033,90.74199144344443
294,134.99252988578203,0.01731958556148087,0.3279483741166454,166.3109086294006,214.6080087507752,96.20909437047709
295,178.70653834162468,0.007944534675565423,0.6243014633067259,39.35426994111831,62.73980063384501,21.57434048937607
296,130.39184050660901,0.19844037491637556,0.30620867192497697,105.49287479123113,105.69123394016286,38.439931866973275
297,145.79561538999974,0.011931530049507335,0.4597981134938857,411.90559060004233,525.8039469107166,239.40623608471222
298,84.21340495701665,0.17873258146803572,0.028359790286069834,943.5019041692675,790.5779453240652,408.42283919740635
299,173.64919306936736,0.012147789071134446,0.5972783733981483,51.66361351958491,66.97323757212637,29.254593958710675
300,181.8539520903013,0.011079570930420881,0.6221298870515781,350.34880739455025,558.9095228309882,209.38791605311252
301,171.34529297120346,0.013720787153148544,0.5685977726417133,50.838114673685396,68.77405829230405,26.72186005808412
302,148.90883224179544,0.011450103876738631,0.48379509738770665,51.47385824851453,66.4816662622587,29.062197021912862
303,171.63686225110905,0.010776300704075264,0.5938517485696395,400.25466732386104,469.9271328304792,226.60604844378793
304,140.85392632376704,0.08799011656184261,0.34783468863357464,95.75375554117669,110.02781770688233,40.23707248352456
305,149.12662184671268,0.24992292339944813,0.3888485646615593,103.46631365219848,109.80876049590915,40.50038259858159
306,128.98731195083334,0.10472906852690646,0.22247339017824846,96.14038600457201,109.1818791256035,37.6785523322824
307,166.7566407784183,0.010353790919952942,0.5741158506725161,170.00999553846327,214.61017820832564,95.32715690834868
308,177.66626469501543,0.007877075078261875,0.6377159178498023,40.106566862285376,61.69914105294249,21.558453441220944
309,148.62569737070876,0.07035212892196607,0.3797757214727257,82.04842577121363,102.95666912093162,31.745625462723705
310,166.53770099102917,0.012631048601684052,0.584242384121874,49.00589824092082,64.80349094822127,26.08569768213666
311,147.9770454491213,0.27456953699638986,0.3794180123639226,205.99162324044445,334.685624961682,106.55218586342443
312,161.84506003847545,0.07316816138369203,0.4444638212679385,747.2371364362622,695.5816041229591,318.232210080438
313,167.40772255148767,0.011156227631398286,0.5726057880327907,412.04732195170493,584.3119538099925,232.35051256428815
314,152.76663227316908,0.025291590451622614,0.4613976414515091,55.9300623846549,77.6640400277978,31.32883321303518
315,151.36298997155203,0.025870245343675678,0.4594433793402054,60.55046603918071,76.51880745344923,31.48020371857336
316,127.5363571525536,0.16438561336454274,0.2054425219137987,204.2765448828107,319.0065202947022,104.93398508727317
317,127.18304620521107,0.1654809257281532,0.20080041310553404,205.99406163646347,311.09041102004676,100.23563853831645
318,134.6668676142471,0.02592324152318982,0.31341662632642486,58.61335271121453,74.24266869685943,33.09173248465635
319,126.03477288989122,0.29515728543275643,0.30141786683885485,1133.7265363497693,957.0599353855738,508.79910743823973
320,177.39407082344388,0.006925463089454563,0.6574376582051774,382.4871545072232,543.2084260064365,227.10852569513466
321,102.72732133665735,0.21871941923252136,0.11834473981418153,981.390563916073,848.672477524261,430.54113754300596
322,159.04498611422684,0.01744684579958201,0.48755961087631733,52.55482901764104,72.35596445944817,29.088241716774114
323,163.987856467226,0.006290844748786312,0.5875167052877963,394.504340956706,474.5449659376154,223.91715109487185
324,151.71599480277737,0.15957212700283488,0.39789796875192707,769.9287767628662,711.1711623300566,342.8416143796054
325,154.3477943108486,0.018591811150993124,0.46203994226993006,55.77302726797368,74.93847236708027,29.87672276352693
326,160.93090731539408,0.14922004932512334,0.41712011785178954,96.30404473345537,108.30509091752648,40.38618034095512
327,164.82694619806364,0.0060612298704845,0.5557411117384292,48.3131354652664,61.06408486204795,26.652590942373596
328,132.7633883687495,0.018520481441087467,0.3054419260676484,51.60095884276022,61.17241131925743,27.24470063764238
329,106.82421267046044,0.2524865245522066,0.21570281557768342,117.40397763619481,119.32186062495795,44.110321747361496
330,154.61103631353956,0.0934681307172601,0.4060726545617856,88.73987230882325,108.92635318893616,35.20905844315133
331,184.83975241499448,0.0069187283031956716,0.6503150952625039,345.94964306143373,581.9692758925975,202.27022472236177
332,191.55110279582695,0.005501979641562894,0.7025376259842315,38.54917290333552,58.86474088048766,23.408650387002112
333,169.0262645550752,0.006077540223184191,0.6083122253414885,387.11441875554095,465.57673180806125,228.2974731376431
334,145.89491780576716,0.32238290426425154,0.3788730743886668,208.749267847565,320.1893898241718,109.71095491732694
335,142.088251508006,0.08954761031991136,0.35892265315992894,78.21826960876427,89.01158070908859,34.442659611707235
336,119.65651110624394,0.24685001660822714,0.18840947679329909,120.49579059721412,124.21534690509355,43.18560307198739
337,152.19587933713038,0.01143898405224789,0.4846951521148696,48.88347238181028,66.17643971357609,28.10601048974867
338,136.67937954587853,0.07424000653655233,0.2584337397586555,654.4433919207075,615.8249033001449,297.092561129728
339,134.68107282137962,0.13348053038923152,0.318905771778742,189.620514282004,279.4225496532421,99.87631529732313
340,129.00157562870257,0.11517721327523824,0.20828094384549428,95.36226953919662,98.040332173359,36.260203443698096
341,117.44840937371126,0.04315328342932885,0.20574299725556625,79.23848213422218,81.17755912607544,38.06997966399277
342,170.78546517342346,0.013904805196880858,0.5751259999482159,48.56711794917509,70.96033510857865,26.926359214626324
343,134.87097919515895,0.21049887659850172,0.31632724900440456,942.851537675987,827.1069750642885,426.23318985858657
344,135.9211011236323,0.022872898555278503,0.3202064234310173,414.29573741208054,501.3395969987433,228.67091948692763
345,138.07422576679005,0.024746553822882263,0.32935658911973825,53.67610049449782,72.98275000868138,30.215989792716563
346,160.8303819878786,0.01562570614180233,0.5108659457696484,406.7719748130236,602.6367058326168,235.55009526772366
347,155.32407686610802,0.009307969070768004,0.49944562935362,401.60503468639246,538.5585608533953,232.2872004368809
348,179.96037406268158,0.00691553702998009,0.6614175491437123,48.955110277670464,62.168386065447,26.675010796938057
349,140.97453158624356,0.017028592673723905,0.36874326736634677,54.207888426979096,66.58856949194872,27.76866784064181
350,127.58090405817391,0.3332337253763528,0.3114764479962034,946.0795323245782,811.6541286057532,419.3000877808613
351,123.2917187230669,0.18620062794760395,0.1952118851952623,209.08526393952653,304.2432481709671,103.833067182014
352,149.5416318966101,0.2861214314971213,0.3892023924801544,107.8303458927755,121.35217925323956,41.75547003441991
353,174.6439646240729,0.011592518975512807,0.6078726609493029,157.10448081980385,204.1426952912372,89.83456923654758
354,68.14176494508928,0.3215811411878129,0.017171148421078752,119.3728821047357,122.38329172648372,42.69557430497714
355,126.63528068633782,0.12897692548102313,0.21049926834898863,89.34505916680408,91.68269825369671,34.730624889587574
356,149.12304098819533,0.3057286117135105,0.39142457840246586,207.58094077574597,308.34098498965017,106.56297443404699
357,119.01744972455663,0.03735088177107049,0.1962666059514274,552.6523970501453,603.4958470498195,306.12433414435
358,133.42168925446796,0.02241396465847991,0.2954149562295856,53.428620159380515,70.88693721535039,27.74007512197663
359,128.87580196775605,0.12781936339982147,0.22041243969799834,202.6701357145029,297.51280856352827,110.19728388365534
360,135.25174445726935,0.13192086569011882,0.32506407712935925,814.953792088983,750.3479791175706,364.179604993061
361,182.29442768082538,0.012038165643225646,0.6271475853796404,43.950608825194934,65.01743887546662,26.279983871043846
362,124.6889708821793,0.030336705131678965,0.23641768094491514,535.7511310763498,582.4268142341899,282.316298036016
363,102.48713209923862,0.1665354909518359,0.1073612904561752,815.3744674956765,805.4525569407735,412.00686533279486
364,106.3417011102682,0.1502602118673427,0.1193901100588117,884.0961868799039,767.1653509615312,408.6968145606237
365,116.07936135005988,0.28495626414377784,0.18376581260651087,207.53463373652335,331.9832887743586,108.44721322915879
366,205.3439692644766,0.007821112866025638,0.7459738893685898,145.9568846242134,214.19067538459157,87.34921212364941
367,98.35779585723343,0.2251328272865068,0.09711231302245228,109.76555053881935,114.58494095097306,41.934922514288466
368,186.43801768423072,0.006033702076326555,0.6881795110417067,39.101953629761255,59.89185762259438,23.668255281411415
369,143.43783271021636,0.02905677070686458,0.39747498408855064,491.799098615432,679.2829176691845,251.61153298807147
370,164.09673191795454,0.024143325757304407,0.5574636867527167,168.73862683915004,229.19933201453904,95.68679684962157
371,159.22696647855705,0.07436174196354357,0.42548094893878996,744.9923894178083,701.0761955867695,343.20646925839645
372,175.18469795936247,0.011790568408101287,0.5980556522362125,368.0807175179133,542.6483147044379,221.16004762164258
373,149.7293474343651,0.02128546941360146,0.4364408376518603,432.1708529595313,557.4892601190636,236.65826834854926
374,183.60586495997103,0.021845692024308146,0.6543978293497716,57.27685699877944,76.44478183698294,30.120363795723033
375,126.10442119383193,0.025508919985213287,0.2555188815731485,545.9911612925099,537.9665130894489,266.428102933898
376,162.63963967832763,0.013979695852451967,0.530772624575269,189.95783796181115,225.87173907328972,98.20082311015405
377,131.7787693700863,0.17914778534516962,0.31741142707215675,90.09963997736953,97.0083464412704,34.599436019388385
378,180.70456925608548,0.006176693822214212,0.6702900422058423,362.3061537805204,534.9059792150691,219.04039031065804
379,191.06827530460535,0.012861339212229905,0.6954715489309258,359.5763331963522,608.1464250373496,224.9629404898898
380,170.23532899296583,0.012332610704932778,0.5826233989223976,51.34756554847835,66.27138836821341,28.614113256674713
381,133.90371605583724,0.14580098252171747,0.31566448742315745,858.1054253728352,784.7644464704316,402.9676770308542
382,161.80421739100595,0.24711376357458548,0.43912206685189914,110.31908669234195,124.5411348982895,41.306418830040435
383,144.66148326881606,0.06999643794578579,0.3683949227211466,727.9368864376145,689.1469659296744,326.48521076736665
384,121.80580706518934,0.2168004239762102,0.19525238656637517,104.7430676452752,104.5760634049422,36.10309459824078
385,151.04971893282323,0.22172333081276568,0.3887057676183299,201.3226963087347,323.62831183115065,99.42297828083176
386,122.9288114611785,0.2010167927521533,0.1969056630151548,996.5189269470711,890.842129326504,447.4962397343012
387,178.7184451675959,0.007944534675565423,0.6235039393141638,39.35426994111831,62.686705640006764,21.57434048937607
388,107.65962776092525,0.05723814847879556,0.129671889833788,189.65096196446558,243.66238045728107,108.8595406301137
389,131.47835060980606,0.15313727974815078,0.3064552863955313,92.52768690908198,108.66866355362137,36.04995771138505
390,114.20260527543606,0.1013544167195301,0.1501195364031424,699.7509097367029,673.9145164264426,337.86257890702785
391,129.3299958419557,0.022696362936854512,0.2599039574836591,52.41778419357382,63.34628690959612,27.723475705882944
392,146.8487888025234,0.030177606263542,0.44144452005123275,177.5895457239352,244.7176061043617,95.52344503629085
393,147.46803593165046,0.02685223284115768,0.4414380295444852,479.98301527875464,710.7354043991296,277.9181148124416
394,175.57585731139977,0.009016618412830526,0.6017921276823227,367.06465767781907,503.02818697129135,216.04953159437716
395,130.4190023334144,0.1834315410550033,0.299889379941073,212.68347466658062,307.78455400406807,110.04460396621947
396,132.10463559668244,0.1578489922587149,0.31540530256609745,105.35658484913237,109.37750671250633,38.58181423879864
397,180.24025470781933,0.00655397838665778,0.665445943945386,375.51090058945937,461.53997937403045,221.97367801558232
398,119.84212965018105,0.0350942037078683,0.19686770584654714,79.17348974557437,76.71371934463738,36.82782639208118
399,182.86066949878924,0.006236758688800443,0.6848333824598626,152.53159025589468,209.9122064758649,88.10042542412863
400,117.53538718305401,0.033629808897247676,0.19483526391700878,193.3009919156558,238.21034639286492,102.20991045384106
401,155.95839002355382,0.12222138948037738,0.4191600917167419,783.5910791544228,729.4511110148333,347.4017150380658
402,155.14826062951528,0.15719050411357272,0.4146459844102439,86.07272389140256,100.79014510641058,34.38741856722076
403,110.44267127347109,0.20173684946148174,0.2274788777396794,95.43645848253976,105.08793166058233,34.73487581914717
404,130.73356429301566,0.02292443035842882,0.2964747451474887,492.6509074579837,628.6548728889799,257.5487093608062
405,148.84858320035025,0.2630330972057571,0.3870743085928085,999.400483420166,851.8699785167382,422.80264305019847
406,119.79271343422624,0.21812995394637957,0.1927207892964029,101.17794840796068,108.42676736779813,36.1462670055132
407,171.7839288922449,0.012550922427891098,0.5611580362923163,363.28086712239826,508.720889301052,213.1906193423434
408,168.4964550649412,0.015753606342484888,0.5465438316977391,431.14486586265883,506.5470224968589,242.32756169839277
409,148.20957617945484,0.021145062303007823,0.4072242307233467,486.78445428218896,532.123042842059,245.7276260163508
410,150.83497229932414,0.17305065557580465,0.38815750535328564,918.2314880654376,829.0407097609418,421.08449066916074
411,174.69285414078388,0.00754443297519215,0.6171730974335842,396.64447140511083,497.0553680695646,223.94808532477032
412,180.87477235577956,0.006466554486128492,0.6760830049064666,365.789854731963,571.2147883437168,220.94928324627207
413,173.5948196887994,0.012062786244179457,0.5999667695016995,45.75771909001319,63.79192566774151,24.45348985179448
414,188.06992333778808,0.0063797471654546,0.6907550445931758,40.00499684233784,61.033625884367375,21.780260250295793
415,155.68666749666048,0.1249068319335892,0.40791160489782463,186.59329201032205,266.9004459112799,94.58350708465039
416,170.76663239286611,0.010913475280014955,0.592631007797464,48.18308954206658,64.60734790028202,28.054850321363205
417,128.9934467878687,0.21071380886553712,0.30764867518019573,1031.9078965425774,864.3911381759344,447.7288537549459
418,154.94887358569295,0.07607046827335999,0.4183596024915459,693.5937693553179,648.5635353229619,355.06467216676594
419,154.59774915423003,0.021024390377732894,0.48040911957885724,185.1328867123938,232.36786198090053,100.18001444800659
420,128.99553253129227,0.18967587037530145,0.30215098722405714,132.61819082178087,127.58092082916906,49.70062466260517
421,148.1857827064123,0.022130701039156656,0.4373661982269032,173.67741203820816,233.84937916103937,95.63929993717188
422,180.63599088556666,0.02027771396806544,0.6393875094658208,159.27088088051548,222.2209046993307,93.64811448591492
423,150.58207040852866,0.012291535458940274,0.48948581934232216,399.27568685123026,490.9490780188017,229.79144276462748
424,174.88411426823444,0.009279105102566593,0.6116129308885501,48.274699804430895,63.507533501624046,26.011534593055927
425,150.39255511558085,0.2561002102913353,0.38533798596877344,104.58094525951705,123.01894284405672,41.30579828019561
426,148.1328953869451,0.013113758995432188,0.43463647049303944,164.18861630868872,205.45211544065876,92.87699465335486
427,150.45727080952562,0.01856102544145436,0.43501077524312237,53.280364646052796,74.26322189402038,29.37861529330456
428,98.88398999977954,0.23956436699675937,0.1121074000751501,983.8420231997515,865.0957241973923,437.48246745872996
429,113.31964825438213,0.06124925882939296,0.15107618300396813,690.6214073746694,726.4675176495091,337.1151780472945
430,173.55314273025186,0.004621565636662109,0.6313079480411298,390.45478706944095,485.9474905010942,224.69481867724232
431,120.55388306477387,0.07758346331179874,0.18648722451754737,671.7210243430417,636.384436566541,332.64942227661203
432,151.47780545957022,0.1438352574818786,0.39240884180812613,205.13075516085976,328.3754918101258,108.24349269406316
433,143.81836278286855,0.025380868677754354,0.39508968359858043,496.9766121880348,570.9514073577525,251.65127067098936
434,152.36135239407895,0.1459009572560254,0.3949829409061351,812.5713927303187,733.3948762421584,348.30763751792676
435,126.79744856508209,0.24180797415333669,0.29743310561723585,202.19003021997457,300.38802215633865,109.64607520782776
436,192.52384050774106,0.012166684069230492,0.7087342243482769,163.95617338099433,210.98303037799917,92.8041890468644
437,135.11599378358602,0.021592257221752034,0.3364312450285235,50.03758974773674,67.94737308687051,27.411047329938455
438,153.83480874405018,0.022501232876052196,0.4761588581777891,58.64201453057263,76.3705568386753,29.853336231916074
439,147.29764211796993,0.2976962739210222,0.38214519246383133,213.62690994310933,336.4760645759351,117.28516333685229
440,147.08594190522376,0.2687528609102725,0.38218827846619274,211.28931620826017,329.933974070184,107.39916752208772
441,195.51442882143886,0.005849771021386197,0.7064691742055959,39.86663492175247,60.892490184095465,21.636961576072718
442,122.53401381574942,0.09440133257443309,0.2591046930379625,192.5354043077797,260.40552966827363,105.38514206280996
443,192.7145491148475,0.006238519397302505,0.6938215065120231,356.7508640672412,610.3923333644658,213.1495161322157
444,167.47295615707762,0.00694100552319314,0.5656693994116541,48.49808801505937,58.0775427363842,26.470307281068354
445,134.20633283965523,0.021947585751143212,0.3007606939939988,475.92739394971244,534.2946133618262,249.1138586492492
446,148.986581730929,0.27185689866754764,0.388902832920673,1073.5190751978994,913.8494863849513,466.7862375923664
447,119.35663690256041,0.035991243760053714,0.19989648323846448,60.999734182736745,80.53134001207172,30.585048562260067
448,129.49834622908816,0.19752707491460555,0.30832444019050975,102.07225048021115,102.38178738191715,36.770848801364174
449,124.2023015456421,0.17429756223357767,0.20668262809276136,806.7088426294301,735.7632180713506,359.33637846258915
450,123.17662338237018,0.03569821875256712,0.22762347150183385,525.0288697587341,620.2727625055469,280.9043705376837
451,182.37109323940587,0.012201172664541286,0.6302862314487749,361.94515282331673,561.219084696909,209.1910227894002
452,160.30617604323228,0.05332803193098228,0.4461196960378442,656.7919536737797,644.6901345989703,296.801866770216
453,204.961726013736,0.006524150286365207,0.773670811659239,47.98165610933971,61.14047220761642,25.562798379048093
454,199.12014715027743,0.011919114361494476,0.7294040904360799,369.68309290402163,582.4054596800083,228.79710720832645
455,170.47937984301677,0.0126266630719012,0.600633810153038,43.462071544872586,63.78833354528761,23.13987988466783
456,180.99409851109314,0.010347205729189768,0.6251715773538716,156.7925092544134,216.58079536741195,90.46720773435638
457,182.26131715533117,0.011919960581892566,0.6242024337751979,40.75075824874868,63.24268031839915,22.135445174245046
458,104.2046521164442,0.17934574587101434,0.11393299592843016,124.41042541303094,111.76079487981161,41.08497805949294
459,138.56625557763138,0.08840141372249585,0.3314138225270192,198.81212394798047,318.3101143939118,105.19736027532633
460,142.19934465644974,0.01407494941375646,0.4402196908280439,52.47616634501619,64.6765696813193,29.493165276003115
461,98.14019579898522,0.2279597917658407,0.10274629133804249,135.06703129826036,127.52621705651954,46.18223563570537
462,156.8737796460022,0.021284237481984606,0.478862353416631,53.16663534063841,77.4073646032271,30.017096544859868
463,173.63439446926878,0.012160938574820418,0.5970060014175153,46.80397975919969,68.01424521768656,26.276260035445116
464,176.27269849445202,0.007935288298917815,0.6232695443663974,145.76071866006964,209.81920795433467,86.56734645560715
465,147.1496757019677,0.0635622899556544,0.3686463004386787,80.22834170198547,102.34788369334257,33.501460834582396
466,172.84117028146426,0.012400447503518186,0.588821835605316,374.69521472000343,485.6594390339929,222.4382020089644
467,159.6227818703176,0.11158258118635025,0.42012421657398824,90.30509136340599,104.12038237281767,37.00033531029816
468,107.64642470513759,0.14214860753959038,0.1370322006036999,809.6497456249235,751.6591179317346,356.1730866930477
469,149.94304098550163,0.019020195025023105,0.4336026451679377,49.82014096593676,66.1435036304957,27.349257669717574
470,133.11409940800002,0.19272571845656533,0.3142126110352939,103.10599929062955,114.21896198458631,39.381219298529516
471,142.54112549188216,0.029368386848172983,0.40393307696698694,476.0268037212115,627.5758257415906,258.8254853416973
472,126.4436985072195,0.2649808149989614,0.29783796202355717,130.54057083530913,123.2746230635625,47.35688154986013
473,149.89980936036372,0.03045558387499191,0.4619471429506823,65.42350990944912,81.41770466066954,33.93076410666418
474,185.09264143885088,0.009696365528643806,0.630327289589003,40.85321408819065,64.71791422968533,24.459807767103452
475,184.22269660665083,0.006095900795339485,0.6865611207949138,48.803254092305494,60.95474626248753,27.2032900675428
476,163.3765789780905,0.007203615314084888,0.5483332603329062,50.11569024432508,61.65634795718461,27.306097942708394
477,140.5838706685194,0.07668783292370186,0.3406394097419609,613.56314721088,622.7072145848912,305.00359549292267
478,94.33583463882444,0.2843063769897438,0.09680627647172284,205.29560745909075,308.9616972140157,108.30885637120407
479,182.285658666724,0.012035058900378991,0.620062254530744,40.47876586221252,64.41563147757053,21.884038041189406
480,129.74122373271274,0.18714759109449475,0.30866697361558815,871.5578388694223,809.4871329996374,400.14434071346733
481,107.72183935718611,0.24220229544704824,0.21388491230864304,116.19548972534808,117.72324800422658,44.7380548456568
482,163.2694319593549,0.02487646034500803,0.486968995827551,457.90505914245836,518.7675424886944,254.08114524227327
483,148.01714606864968,0.2604988620461516,0.38307833562376764,108.17154133065054,118.08670961293654,41.28686054526922
484,132.59290892823327,0.09400625798448602,0.23218440929506548,185.25184843373046,279.40768011061243,98.24620603334553
485,134.43290460378103,0.02123435150293255,0.3120447166758724,484.00958504425665,564.6095933944009,255.73669511404694
486,128.4240577994304,0.2208202192073027,0.2882494348503039,107.14892706502086,118.1838010119676,39.60439772291049
487,212.62172254150246,0.010178826555784217,0.7625695620608254,145.5347752083173,210.8131896112362,87.82018520780196
488,153.56632155073916,0.1460630557443222,0.3985137286393989,93.81969656653725,107.9894103152012,35.68050116183067
489,142.31106326435793,0.030482779679220667,0.3771037027785368,532.1700661836464,726.2390935131335,265.5714841888274
490,152.79789924263343,0.009483304036182319,0.4698910610348966,48.384597491699594,61.023040825261305,27.488616834531566
491,175.91531340812773,0.011781676047818832,0.6163895004723201,164.40038953918946,206.3685585996642,88.99064409629345
492,187.54458120034786,0.00478478774275725,0.6957371363376563,380.1920045508954,488.17054735151754,225.24427028107272
